#script	host	cadence	where the caller lives
#
# WHY A LIST AND NOT A DERIVATION: the caller of a clock is a crontab line on
# another machine. Nothing in this tree can see one -- realisateur#511 scanned
# bin/ and .github/ for callers, found none for monkey-watch.sh, and deleted a
# live observer whose invoker was dexter's crontab. A CRON_TAG derivation only
# finds the clocks that install themselves, which is every clock except the one
# that stacked. So the off-host callers are WRITTEN DOWN, and cron-lock.test.sh
# holds both halves: every row here takes the lock, and every script that does
# declare a CRON_TAG has a row.
monkey-watch.sh	dexter	*/10 * * * *	dexter crontab; its own --install-cadence
selfdev-release-tick.sh	monkey, dexter	41 5 * * *	its own --install-cadence
ausculte-cadence.sh	monkey	37 */4 * * *	its own --install-cadence
